,Episode,Epsilon Value,gamma,alpha,epsilon,epsilon_min,epsilon_decay,batch_size,C,Memory Size,Rewards,Wall Time
0,0.0,0.999,0.99,0.0001,0.999,0.1,0.001,500.0,1000.0,100000.0,1.0,-3.998018503189087
1,1.0,0.998,0.99,0.0001,0.998,0.1,0.001,500.0,1000.0,100000.0,4.0,-10.705015182495117
